<?xml version="1.0" encoding="utf-8"?>
<extension version="2.5" type="plugin" group="system" method="upgrade">
    <name>PLG_SYS_SCRIPTSDOWN</name>
    <author>Michael Richey</author>
    <creationDate>Jan 2011</creationDate>
    <copyright>Copyright (C) 2008 Michael Richey. All rights reserved.</copyright>
    <license>GNU General Public License</license>
    <authorEmail>scriptsdown@richeyweb.com</authorEmail>
    <authorUrl>http://www.richeyweb.com</authorUrl>
    <version>1.14</version>
    <description>PLG_SYS_SCRIPTSDOWN_DESC</description>
    <languages>
        <language tag="en-GB">en-GB.plg_system_scriptsdown.ini</language>
        <language tag="en-GB">en-GB.plg_system_scriptsdown.sys.ini</language>
    </languages>
    <files>
        <filename plugin="scriptsdown">scriptsdown.php</filename>
    </files>
    <config>
        <fields name="params">
            <fieldset name="basic">
                <field name="exclude" type="radio" label="PLG_SYS_SCRIPTSDOWN_EXCLUDE_LABEL" description="PLG_SYS_SCRIPTSDOWN_EXCLUDE_DESC" default="1">
                    <option value="1">JYes</option>
                    <option value="0">JNo</option>
                </field>
                <field name="omit" type="textarea" rows="10" cols="25" label="PLG_SYS_SCRIPTSDOWN_OMIT_LABEL" description="PLG_SYS_SCRIPTSDOWN_OMIT_DESC" />
            </fieldset>
        </fields>
    </config>
</extension>
